{
    "name": "root",
    "gauges": {
        "Hummingbird.Policy.Entropy.mean": {
            "value": 1.3833006620407104,
            "min": 1.3833006620407104,
            "max": 1.427224040031433,
            "count": 500
        },
        "Hummingbird.Policy.ExtrinsicValueEstimate.mean": {
            "value": 3.549394130706787,
            "min": -0.03645293787121773,
            "max": 3.728588104248047,
            "count": 500
        },
        "Hummingbird.IsTraining.mean": {
            "value": 1.0,
            "min": 1.0,
            "max": 1.0,
            "count": 500
        },
        "Hummingbird.Environment.EpisodeLength.mean": {
            "value": 999.0,
            "min": 999.0,
            "max": 999.0,
            "count": 416
        },
        "Hummingbird.Environment.CumulativeReward.mean": {
            "value": 33.127563090374075,
            "min": -10.5,
            "max": 47.98827505111694,
            "count": 499
        },
        "Hummingbird.Policy.ExtrinsicReward.mean": {
            "value": 33.127563090374075,
            "min": -10.5,
            "max": 47.98827505111694,
            "count": 499
        },
        "Hummingbird.Losses.PolicyLoss.mean": {
            "value": 0.08111682295178374,
            "min": 0.0378356672784624,
            "max": 0.12847985229454933,
            "count": 241
        },
        "Hummingbird.Losses.ValueLoss.mean": {
            "value": 0.244774595896403,
            "min": 7.613861416757572e-05,
            "max": 0.258441299200058,
            "count": 241
        },
        "Hummingbird.Policy.LearningRate.mean": {
            "value": 1.2000996000000015e-06,
            "min": 1.2000996000000015e-06,
            "max": 0.00029872704042431997,
            "count": 241
        },
        "Hummingbird.Policy.Epsilon.mean": {
            "value": 0.10040000000000002,
            "min": 0.10040000000000002,
            "max": 0.19957567999999995,
            "count": 241
        },
        "Hummingbird.Policy.Beta.mean": {
            "value": 2.996000000000001e-05,
            "min": 2.996000000000001e-05,
            "max": 0.004978826432000001,
            "count": 241
        }
    },
    "metadata": {
        "timer_format_version": "0.1.0",
        "start_time_seconds": "1611495615",
        "python_version": "3.8.5 (default, Sep  4 2020, 02:22:02) \n[Clang 10.0.0 ]",
        "command_line_arguments": "/Users/lancee/opt/anaconda3/envs/ml-agent/bin/mlagents-learn ./config/Hummingbird.yaml --run-id hb_01",
        "mlagents_version": "0.23.0",
        "mlagents_envs_version": "0.23.0",
        "communication_protocol_version": "1.3.0",
        "pytorch_version": "1.7.1",
        "numpy_version": "1.18.5",
        "end_time_seconds": "1611502521"
    },
    "total": 6905.970235366,
    "count": 1,
    "self": 0.0047575740009051515,
    "children": {
        "run_training.setup": {
            "total": 0.009165385999999942,
            "count": 1,
            "self": 0.009165385999999942
        },
        "TrainerController.start_learning": {
            "total": 6905.956312406,
            "count": 1,
            "self": 7.658629030080192,
            "children": {
                "TrainerController._reset_env": {
                    "total": 15.714332641,
                    "count": 1,
                    "self": 15.714332641
                },
                "TrainerController.advance": {
                    "total": 6882.52767657692,
                    "count": 416772,
                    "self": 3.9136192868063517,
                    "children": {
                        "env_step": {
                            "total": 6878.614057290114,
                            "count": 416772,
                            "self": 6347.05759277707,
                            "children": {
                                "SubprocessEnvManager._take_step": {
                                    "total": 527.2886677819313,
                                    "count": 416772,
                                    "self": 22.14242529791443,
                                    "children": {
                                        "TorchPolicy.evaluate": {
                                            "total": 505.14624248401685,
                                            "count": 416772,
                                            "self": 93.2307702335774,
                                            "children": {
                                                "TorchPolicy.sample_actions": {
                                                    "total": 411.91547225043945,
                                                    "count": 416772,
                                                    "self": 411.91547225043945
                                                }
                                            }
                                        }
                                    }
                                },
                                "workers": {
                                    "total": 4.267796731112849,
                                    "count": 416772,
                                    "self": 0.0,
                                    "children": {
                                        "worker_root": {
                                            "total": 6879.933014967017,
                                            "count": 416772,
                                            "is_parallel": true,
                                            "self": 986.4910909040391,
                                            "children": {
                                                "steps_from_proto": {
                                                    "total": 0.0005391340000002742,
                                                    "count": 1,
                                                    "is_parallel": true,
                                                    "self": 9.753399999823387e-05,
                                                    "children": {
                                                        "_process_vector_observation": {
                                                            "total": 0.00044160000000204036,
                                                            "count": 8,
                                                            "is_parallel": true,
                                                            "self": 0.00044160000000204036
                                                        }
                                                    }
                                                },
                                                "UnityEnvironment.step": {
                                                    "total": 5893.441384928978,
                                                    "count": 416772,
                                                    "is_parallel": true,
                                                    "self": 66.77871421364398,
                                                    "children": {
                                                        "UnityEnvironment._generate_step_input": {
                                                            "total": 67.76700707311016,
                                                            "count": 416772,
                                                            "is_parallel": true,
                                                            "self": 67.76700707311016
                                                        },
                                                        "communicator.exchange": {
                                                            "total": 5554.0526377710985,
                                                            "count": 416772,
                                                            "is_parallel": true,